{"cameraMode":{"drawMode":0,"name":"Shaded","section":"Shading Mode"},"sceneLighting":true,"audioPlay":false,"sceneViewState":{"m_AlwaysRefresh":false,"showFog":true,"showSkybox":true,"showFlares":true,"showImageEffects":true,"showParticleSystems":true,"showVisualEffectGraphs":true,"m_FxEnabled":true},"in2DMode":false,"pivot":{"x":-2.089080810546875,"y":-5.401935577392578,"z":18.96198081970215},"rotation":{"x":0.21168312430381776,"y":-0.010268328711390496,"z":0.002223677234724164,"w":0.9772718548774719},"size":25.26231575012207,"orthographic":false}