{"cameraMode":{"drawMode":0,"name":"Shaded","section":"Shading Mode"},"sceneLighting":true,"audioPlay":false,"sceneViewState":{"m_AlwaysRefresh":false,"showFog":true,"showSkybox":true,"showFlares":true,"showImageEffects":true,"showParticleSystems":true,"showVisualEffectGraphs":true,"m_FxEnabled":true},"in2DMode":false,"pivot":{"x":-1.84202241897583,"y":-53.56059646606445,"z":75.11634063720703},"rotation":{"x":0.29579606652259829,"y":-0.011467277072370053,"z":0.0035574031062424185,"w":0.9551734328269959},"size":52.96670913696289,"orthographic":false}