{"cameraMode":{"drawMode":0,"name":"Shaded","section":"Shading Mode"},"sceneLighting":false,"audioPlay":false,"sceneViewState":{"m_AlwaysRefresh":false,"showFog":true,"showSkybox":false,"showFlares":true,"showImageEffects":true,"showParticleSystems":true,"showVisualEffectGraphs":true,"m_FxEnabled":true},"in2DMode":false,"pivot":{"x":8.185693740844727,"y":-0.2883293628692627,"z":-3.0444908142089845},"rotation":{"x":0.31438398361206057,"y":-0.0014270958490669728,"z":0.0004828691016882658,"w":0.9492824673652649},"size":1.9879705905914307,"orthographic":false}